SET NAMES utf8mb4;

DELETE FROM office_supply;
ALTER TABLE office_supply AUTO_INCREMENT = 1;
INSERT INTO office_supply (id, supply_no, name, unit, model, unit_price, warning_stock, remark) VALUES
(1, 1, 'A3打印纸', '包', NULL, 175, 5, NULL),
(2, 2, 'A4打印纸', '包', NULL, 175, 5, NULL),
(3, 3, 'A4装订封面纸', '包', NULL, 18, 5, NULL),
(4, 4, 'A4复印纸蓝色', '包', NULL, NULL, 5, NULL),
(5, 5, 'A4复印纸红色', '包', NULL, NULL, 5, NULL),
(6, 6, 'A4白卡纸180克荷兰白卡', '包', NULL, NULL, 5, NULL),
(7, 7, '定制会议本牛皮A4', '本', NULL, NULL, 5, NULL),
(8, 8, '定制会议本活页B5', '本', NULL, NULL, 5, NULL),
(9, 9, '定制会议便签本牛皮书写夹板A4', '本', NULL, NULL, 5, NULL),
(10, 10, '会议记录本皮面黑色', '本', NULL, 7.5, 5, NULL),
(11, 11, 'office本32k', '本', NULL, NULL, 5, NULL),
(12, 12, '软面抄100', '本', NULL, 1.5, 5, NULL),
(13, 13, '透明暗扣袋', '个', NULL, NULL, 5, NULL),
(14, 14, '挂快牢得力A4', '张', NULL, NULL, 5, NULL),
(15, 15, '资料册40页', '本', NULL, 6.5, 5, NULL),
(16, 16, '档案袋牛皮纸（小）', '只', NULL, NULL, 5, NULL),
(17, 17, '档案盒牛皮纸', '只', NULL, NULL, 5, NULL),
(18, 18, '档案盒大塑料', '只', NULL, NULL, 5, NULL),
(19, 19, '档案盒小塑料', '只', NULL, NULL, 5, NULL),
(20, 20, '三角抽杆文件夹', '本', NULL, 0.55, 5, NULL),
(21, 21, '塑料文件架', '只', NULL, 18, 5, NULL),
(22, 22, '文件夹，纸板夹', '本', NULL, 5, 5, NULL),
(23, 23, '文件夹，塑料皮', '本', NULL, 6.5, 5, NULL),
(24, 24, '网格拉链袋', '只', NULL, NULL, 5, NULL),
(25, 25, '书写夹板A5', '只', NULL, NULL, 5, NULL),
(26, 26, '铁书挡（小）', '只', NULL, NULL, 5, NULL),
(27, 27, '铁书挡（大）', '只', NULL, NULL, 5, NULL),
(28, 28, '水笔黑色', '支', NULL, 1.3, 5, NULL),
(29, 29, '水笔红色', '支', NULL, 1.3, 5, NULL),
(30, 30, '按压水笔黑色', '支', NULL, 2, 5, NULL),
(31, 31, '笔芯', '支', NULL, NULL, 5, NULL),
(32, 32, '台笔', '支', NULL, NULL, 5, NULL),
(33, 33, '记号笔黑色', '支', NULL, 0.5, 5, NULL),
(34, 34, '记号笔红色', '支', NULL, 0.5, 5, NULL),
(35, 35, '扑克', '盒', NULL, 1.4, 5, NULL),
(36, 36, '圆珠笔蓝色', '支', NULL, NULL, 5, NULL),
(37, 37, '铅笔', '支', NULL, '7元/盒', 5, NULL),
(38, 38, '卷笔机', '个', NULL, 16, 5, NULL),
(39, 39, '卷笔刀', '个', NULL, 0.8, 5, NULL),
(40, 40, '橡皮', '个', NULL, NULL, 5, NULL),
(41, 41, '美工刀', '把', NULL, NULL, 5, NULL),
(42, 42, '剪刀', '把', NULL, 3.5, 5, NULL),
(43, 43, '起钉器', '个', NULL, 2, 5, NULL),
(44, 44, '订书机', '个', NULL, 7, 5, NULL),
(45, 45, '订书钉', '盒', NULL, 0.7, 5, NULL),
(46, 46, '回形针', '盒', NULL, 0.7, 5, NULL),
(47, 47, '计算器', '个', NULL, 13, 5, NULL),
(48, 48, '笔筒圆形', '个', NULL, 4, 5, NULL),
(49, 49, '笔筒方形', '个', NULL, 4, 5, NULL),
(50, 50, '液体胶水', '支', NULL, 1, 5, NULL),
(51, 51, '固体胶水', '支', NULL, 1, 5, NULL),
(52, 52, '三棱尺', '把', NULL, NULL, 5, NULL),
(53, 53, '透明直尺40cm', '把', NULL, NULL, 5, NULL),
(54, 54, '卷尺10m', '个', NULL, NULL, 5, NULL),
(55, 55, '卷尺5m', '个', NULL, 9, 5, NULL),
(56, 56, '卷尺2m', '个', NULL, NULL, 5, NULL),
(57, 57, '电池南孚5号', '节', NULL, 2.1, 5, NULL),
(58, 58, '电池双鹿7号', '节', NULL, NULL, 5, NULL),
(59, 59, '电池南孚23A', '节', NULL, NULL, 5, NULL),
(60, 60, '电池南孚27A', '节', NULL, NULL, 5, NULL),
(61, 61, '彩色长尾票夹5851', '盒', NULL, 11, 5, NULL),
(62, 62, '彩色长尾票5852', '盒', NULL, 15, 5, NULL),
(63, 63, '彩色长尾票夹5854', '盒', NULL, 13, 5, NULL),
(64, 64, '彩色长尾票夹5855', '盒', NULL, 7, 5, NULL),
(65, 65, '彩色长尾票夹5856', '盒', NULL, 8, 5, NULL),
(66, 66, '插座1.8m', '个', NULL, 26, 5, NULL),
(67, 67, '插座3m', '个', NULL, 59, 5, NULL),
(68, 68, '无线插头', '个', NULL, NULL, 5, NULL),
(69, 69, '印台红色', '只', NULL, NULL, 5, NULL),
(70, 70, '印台蓝色', '只', NULL, NULL, 5, NULL),
(71, 71, '透明胶带小卷', '卷', NULL, 5, 5, NULL),
(72, 72, '封箱胶带', '筒', NULL, 7, 5, NULL),
(73, 73, '双面胶带宽', '卷', NULL, 20, 5, '11卷/筒'),
(74, 74, '泡沫胶带', '卷', NULL, NULL, 5, NULL),
(75, 75, '便利贴76*76mm', '包', NULL, 2, 5, NULL),
(76, 76, '自粘性标签（大）', '本', NULL, NULL, 5, NULL),
(77, 77, '便利贴四色76*19mm', '包', NULL, NULL, 5, NULL),
(78, 78, '便利贴76*51mm', '包', NULL, NULL, 5, NULL),
(79, 79, '自粘性标签（小）', '包', NULL, NULL, 5, NULL),
(80, 80, '用款申请单', '本', NULL, NULL, 5, NULL),
(81, 81, '收据三联', '本', NULL, 1.5, 5, NULL),
(82, 82, '入库单两联', '本', NULL, NULL, 5, NULL),
(83, 83, '出库单三联', '本', NULL, NULL, 5, NULL),
(84, 84, '单据凭证', '本', NULL, NULL, 5, NULL),
(85, 85, '罚款单', '本', NULL, NULL, 5, NULL),
(86, 86, '定制信笺本A5', '本', NULL, NULL, 5, NULL),
(87, 87, '定制信笺本A4', '本', NULL, NULL, 5, NULL),
(88, 88, '工作牌', '个', NULL, NULL, 5, NULL),
(89, 89, '透明口罩', '个', NULL, NULL, 5, NULL),
(90, 90, '蓝色口罩', '包', NULL, 0.3, 5, NULL),
(91, 91, '一次性纸杯50个/筒', '筒', NULL, 0.2, 5, NULL),
(92, 92, '黑色口罩', '盒', NULL, NULL, 5, NULL),
(93, 93, '有线鼠标', '个', NULL, 30, 5, NULL),
(94, 94, '键盘', '个', NULL, NULL, 5, NULL),
(95, 95, '无线接收器水星', '个', NULL, NULL, 5, NULL),
(96, 96, '无线接收器TP-Link', '个', NULL, NULL, 5, NULL),
(97, 97, '红外体温计倍尔康', '个', NULL, NULL, 5, NULL),
(98, 98, '硬盘绿联2.5英寸', '个', NULL, NULL, 5, NULL),
(99, 99, 'PPT翻页笔诺为', '支', NULL, NULL, 5, NULL),
(100, 100, '光盘700MB，CD-R 52X', '个', NULL, NULL, 5, NULL),
(101, 101, '光盘4.7GB 120mm', '个', NULL, NULL, 5, NULL),
(102, 102, '光盘壳', '个', NULL, NULL, 5, NULL),
(103, 103, '台裙夹', '个', NULL, 0.85, 5, NULL),
(104, 104, '果盘', '个', NULL, NULL, 5, NULL),
(105, 105, '电蚊器', '个', NULL, NULL, 5, NULL),
(106, 106, '电蚊液', '瓶', NULL, NULL, 5, NULL),
(107, 107, '会议杯有盖', '个', NULL, NULL, 5, NULL),
(108, 108, '卷纸', '提', NULL, 11.5, 5, NULL),
(109, 109, '抽纸盒', '盒', NULL, 5.3, 5, NULL),
(110, 110, '抽纸巾', '包', NULL, 2.5, 5, NULL),
(111, 111, '网线3米', '条', NULL, NULL, 5, NULL),
(112, 112, '网线2米', '条', NULL, NULL, 5, NULL),
(113, 113, '网线1.5米', '条', NULL, NULL, 5, NULL),
(114, 114, '老鼠板', '个', NULL, 2.5, 5, NULL),
(115, 115, '板刷', '个', NULL, 2, 5, NULL),
(116, 116, '话梅糖', '包', NULL, 5.9, 5, NULL),
(117, 117, '打包扣', '斤', NULL, 3.3, 5, NULL),
(118, 118, '手推车', '辆', NULL, 280, 5, NULL),
(119, 119, '修改液', '个', NULL, 3.5, 5, NULL),
(120, 120, '龙虎人丹', '瓶', NULL, 10, 5, NULL),
(121, 121, '无线鼠标', '个', NULL, 75, 5, NULL),
(122, 122, '插座5m', '个', NULL, 56, 5, NULL),
(123, 123, '南孚4粒装简卡5号4粒/个', '个', NULL, 11.8, 5, NULL),
(124, 124, '南孚4粒装挂卡5号4粒/个', '个', NULL, 9.9, 5, NULL),
(125, 125, '南孚2粒装5号2粒/个', '个', NULL, 5.7, 5, NULL),
(126, 126, '激光笔技术部', '支', NULL, 23.5, 5, NULL),
(127, 127, '奥克斯除湿机铂悦府', '台', NULL, 549, 5, NULL),
(128, 128, '地毯胶', '个', NULL, NULL, 5, NULL),
(129, 129, '报销单', '本', NULL, 1.2, 5, NULL),
(130, 130, '差旅报销单', '本', NULL, 1.5, 5, NULL),
(131, 131, '刀笔', '支', NULL, 0.32, 5, NULL),
(132, 132, '方形单色印台得力红色', '个', NULL, 9, 5, NULL),
(133, 133, '台笔', '个', NULL, NULL, 5, NULL),
(134, 134, '用款申请单', '个', NULL, NULL, 5, NULL),
(135, 135, '笔记本', '个', NULL, NULL, 5, NULL),
(136, 136, '键盘', '个', NULL, NULL, 5, NULL),
(137, 137, '84消毒液', '桶', NULL, NULL, 5, NULL),
(138, 138, '洗洁精', '桶', NULL, NULL, 5, NULL),
(139, 139, '垃圾袋', '卷', NULL, NULL, 5, NULL),
(140, 140, '白手套', '打', NULL, NULL, 5, NULL),
(141, 141, '喷洒消毒液', '瓶', NULL, NULL, 5, NULL),
(142, 142, '消毒液L3', '瓶', NULL, NULL, 5, NULL),
(143, 143, '500消毒液', '瓶', NULL, NULL, 5, NULL),
(144, 145, '拖把', '个', NULL, NULL, 5, NULL),
(145, 146, '玻璃刮刀', '个', NULL, NULL, 5, NULL),
(146, 147, '玻璃水', '瓶', NULL, NULL, 5, NULL),
(147, 148, '毛巾', '条', NULL, NULL, 5, NULL),
(148, 149, '钉钉打卡机', '个', NULL, NULL, 5, NULL),
(149, 150, '酒精消毒水', '瓶', NULL, NULL, 5, NULL),
(150, 151, '马桶刷', '个', NULL, NULL, 5, NULL),
(151, 152, '洗手液', '瓶', NULL, NULL, 5, NULL),
(152, 153, '报销单', '本', NULL, NULL, 5, NULL),
(153, 154, '手套', '双', NULL, NULL, 5, NULL),
(154, 155, '安全帽', '顶', NULL, NULL, 5, NULL),
(155, 156, '扫把', '把', NULL, NULL, 5, NULL),
(156, 157, '交换机', '个', NULL, NULL, 5, NULL),
(157, 158, '狗粮', '包', NULL, NULL, 5, NULL),
(158, 159, '尘推杆', '根', NULL, NULL, 5, NULL),
(159, 160, '橡胶手套', '双', NULL, NULL, 5, NULL),
(160, 161, '透明胶带大卷', '卷', NULL, NULL, 5, NULL),
(161, 162, '垃圾袋大', '卷', NULL, NULL, 5, NULL),
(162, 163, '垃圾袋小', '卷', NULL, NULL, 5, NULL),
(163, 164, '次氯酸消毒液', '瓶', NULL, NULL, 5, NULL),
(164, 165, '喷壶', '个', NULL, NULL, 5, NULL),
(165, 166, '马桶刷', '个', NULL, NULL, 5, NULL),
(166, 167, '无线网卡', '个', NULL, NULL, 5, NULL),
(167, 168, '院子灯泡', '个', NULL, 15, 5, NULL),
(168, 169, '洗衣粉', '包', NULL, NULL, 5, NULL),
(169, 170, '海绵', '个', NULL, NULL, 5, NULL),
(170, 171, '304不锈钢餐盘（带盖）', '个', NULL, NULL, 5, NULL),
(171, 172, '304不锈钢餐盘）', '个', NULL, NULL, 5, NULL),
(172, 173, '调料罐', '个', NULL, NULL, 5, NULL),
(173, 174, '调料罐盖', '个', NULL, NULL, 5, NULL),
(174, 175, '304不锈钢油缸', '个', NULL, NULL, 5, NULL),
(175, 176, '304不锈钢大漏勺', '个', NULL, NULL, 5, NULL),
(176, 177, '304不锈钢沥油格', '个', NULL, NULL, 5, NULL),
(177, 178, '6两钢板汤勺', '个', NULL, NULL, 5, NULL),
(178, 179, '锅盖', '个', NULL, NULL, 5, NULL),
(179, 180, '锅盖', '个', NULL, NULL, 5, NULL),
(180, 181, '剪刀', '个', NULL, NULL, 5, NULL),
(181, 182, '菜刀', '个', NULL, NULL, 5, NULL),
(182, 183, '高压锅排气阀', '个', NULL, NULL, 5, NULL),
(183, 184, '砍骨刀', '个', NULL, NULL, 5, NULL),
(184, 185, '高档汤勺', '个', NULL, NULL, 5, NULL),
(185, 186, '擀面杖', '个', NULL, NULL, 5, NULL),
(186, 187, '大号不锈钢网格篮', '个', NULL, NULL, 5, NULL),
(187, 188, '中号不锈钢网格篮', '个', NULL, NULL, 5, NULL),
(188, 189, '304不锈钢份数盒', '个', NULL, NULL, 5, NULL),
(189, 190, '304不锈钢份数盒盖', '个', NULL, NULL, 5, NULL),
(190, 191, '格来德烧水壶', '个', NULL, NULL, 5, NULL),
(191, 192, '304欧式保温壶', '个', NULL, NULL, 5, NULL),
(192, 193, '高压锅橡皮圈', '个', NULL, NULL, 5, NULL),
(193, 194, '高压锅橡皮圈', '个', NULL, NULL, 5, NULL),
(194, 195, '高压锅排气阀', '个', NULL, NULL, 5, NULL),
(195, 196, '不锈钢方形冲孔盘', '个', NULL, NULL, 5, NULL),
(196, 197, '白色塑料切菜板', '个', NULL, NULL, 5, NULL),
(197, 198, '不锈钢打水桶', '个', NULL, NULL, 5, NULL),
(198, 199, '白色圆桶', '个', NULL, NULL, 5, NULL),
(199, 200, '白色圆桶', '个', NULL, NULL, 5, NULL),
(200, 201, '地面刮水器', '个', NULL, NULL, 5, NULL),
(201, 202, '洗地刷', '个', NULL, NULL, 5, NULL),
(202, 203, '吸水拖把', '个', NULL, NULL, 5, NULL),
(203, 204, '40平拖把', '个', NULL, NULL, 5, NULL),
(204, 205, '15拖把', '个', NULL, NULL, 5, NULL),
(205, 206, '整理箱', '个', NULL, NULL, 5, NULL),
(206, 207, '整理箱', '个', NULL, NULL, 5, NULL),
(207, 208, '沥水圆箩', '个', NULL, NULL, 5, NULL),
(208, 209, '去油王', '个', NULL, NULL, 5, NULL),
(209, 210, '84消毒液', '个', NULL, NULL, 5, NULL),
(210, 211, '片碱', '个', NULL, NULL, 5, NULL),
(211, 212, '清洁精喷雾', '个', NULL, NULL, 5, NULL),
(212, 213, '白色陶瓷小汤勺', '个', NULL, NULL, 5, NULL),
(213, 214, '长手套', '个', NULL, NULL, 5, NULL),
(214, 215, '白色圆桶', '个', NULL, NULL, 5, NULL),
(215, 216, '垃圾袋', '个', NULL, NULL, 5, NULL),
(216, 217, '厨房不锈钢架、铁板烧铁板', '个', NULL, NULL, 5, NULL),
(217, 218, '高压水枪', '个', NULL, NULL, 5, NULL),
(218, 219, '塑料水管', '个', NULL, NULL, 5, NULL),
(219, 220, '地面刮水器', '个', NULL, NULL, 5, NULL),
(220, 221, '5公斤塑料带盖桶', '个', NULL, NULL, 5, NULL),
(221, 222, '洗衣刷', '个', NULL, NULL, 5, NULL),
(222, 223, '四层不锈钢梯', '个', NULL, NULL, 5, NULL),
(223, 224, '好吸水拖把', '个', NULL, NULL, 5, NULL),
(224, 225, '多功能拖把桶', '个', NULL, NULL, 5, NULL),
(225, 226, '塑料凳', '个', NULL, NULL, 5, NULL),
(226, 227, '好吸水拖把', '个', NULL, NULL, 5, NULL),
(227, 228, '挂式纸盒', '台', NULL, NULL, 5, NULL),
(228, 229, '挂式纸盒挂钩', '根', NULL, NULL, 5, NULL),
(229, 230, '纳米海绵', '个', NULL, NULL, 5, NULL),
(230, 231, '304不锈钢饭勺', '个', NULL, NULL, 5, NULL),
(231, 232, '抹布', '瓶', NULL, NULL, 5, NULL),
(232, 233, '久丽洗碗布', '把', NULL, NULL, 5, NULL),
(233, 234, '三角拖把', '把', NULL, NULL, 5, NULL),
(234, 235, '钢丝棉', '个', NULL, NULL, 5, NULL),
(235, 236, '线拖把', '个', NULL, NULL, 5, NULL),
(236, 237, '线手套', '双', NULL, NULL, 5, NULL),
(237, 238, '扫把套装', '个', NULL, NULL, 5, NULL),
(238, 239, '除胶剂', '个', NULL, NULL, 5, NULL),
(239, 240, '海绵胶', '个', NULL, NULL, 5, NULL),
(240, 241, '资料册60页', '个', NULL, NULL, 5, NULL),
(241, 242, '活页本芯18K', '本', NULL, NULL, 5, NULL),
(242, 243, '医用口罩', '只', NULL, NULL, 5, NULL);
DELETE FROM department;
ALTER TABLE department AUTO_INCREMENT = 1;
INSERT INTO department (dept_no, name) VALUES
(1, '综合办'),
(2, '财务部'),
(3, '开发部'),
(4, '招采部'),
(5, '技术部'),
(6, '成本部'),
(7, '销售部'),
(8, '工程部'),
(9, '中盛广场物业'),
(10, 'boss'),
(11, '四楼会议室'),
(12, '看门');

DELETE FROM personnel;
ALTER TABLE personnel AUTO_INCREMENT = 1;
INSERT INTO personnel (person_no, name, dept_name) VALUES
(1, '杨红艳', '综合办'),
(2, '余慧娟', '综合办'),
(3, '蔡迎亚', '综合办'),
(4, '文丽梅', '综合办'),
(5, '杨  迁', '综合办'),
(6, '杨  雪', '综合办'),
(7, '刘海山', '综合办'),
(8, '蔡宏斌', '综合办'),
(9, '吴小转', '综合办'),
(10, '范小红', '综合办'),
(11, '郦  静', '综合办'),
(12, '陈  奔', '综合办'),
(13, '许轩铭', '综合办'),
(14, '陶怡然', '综合办'),
(15, '陈圣明', '综合办'),
(16, '马丽萍', '综合办'),
(17, '王  瑾', '财务部'),
(18, '蒋  黎', '财务部'),
(19, '毛秀玲', '财务部'),
(20, '王志明', '财务部'),
(21, '王  彪', '财务部'),
(22, '王晓奇', '财务部'),
(23, '於文琪', '财务部'),
(24, '卢  萍', '财务部'),
(25, '陈楚楚', '财务部'),
(26, '陈灵星', '财务部'),
(27, '沈金辉', '开发部'),
(28, '卢邵洁', '开发部'),
(29, '罗  侃', '招采部'),
(30, '李欠官', '招采部'),
(31, '黄  婷', '招采部'),
(32, '丁小青', '技术部'),
(33, '周芝鹏', '技术部'),
(34, '谢哲金', '技术部'),
(35, '刘  强', '技术部'),
(36, '陈  军', '技术部'),
(37, '潘迦轩', '技术部'),
(38, '何小敏', '技术部'),
(39, '何如宋', '成本部'),
(40, '郑  辉', '成本部'),
(41, '金  锋', '成本部'),
(42, '王美萍', '成本部'),
(43, '金也莉', '成本部'),
(44, '陈丹丹', '成本部'),
(45, '余光耀', '成本部'),
(46, '郝  丹', '销售部'),
(47, '杨  迁', '销售部'),
(48, '陈春仙', '销售部'),
(49, '陆  军', '销售部'),
(50, '黄帅文', '销售部'),
(51, '卢良毅', '销售部'),
(52, '朱金浩', '销售部'),
(53, '林晋宏', '销售部'),
(54, '孔  晓', '销售部'),
(55, '徐吉祥', '销售部'),
(56, '王海浪', '销售部'),
(57, '王  荧', '工程部'),
(58, '干淑薇', '工程部'),
(59, '张莉红', '中盛广场物业'),
(60, '曹家平', '综合办'),
(61, '唐姐', '综合办'),
(62, '毛总', 'boss'),
(63, '陈璐', '销售部'),
(64, '会议室', '四楼会议室'),
(65, '卢良焕', 'boss'),
(66, '金华鼎', '技术部'),
(67, '会所', '综合办'),
(68, '梁金兵', '工程部'),
(69, '阮哲慧', '销售部'),
(70, '周昌盈', '看门'),
(71, '徐玲', '销售部'),
(72, '程梦亚', '综合办'),
(73, '蒋云飞', '中盛广场物业');

DELETE FROM purchase_record;
ALTER TABLE purchase_record AUTO_INCREMENT = 1;
INSERT INTO purchase_record (purchase_no, purchase_date, purchaser, supply_id, supply_name, unit, model, unit_price, quantity, amount, remark, year, month) VALUES
(1, '2022-10-28', '陈圣明', 108, '卷纸', '提', 0, 11.5, 12, 138, NULL, 2022, 10),
(2, '2022-10-28', '陈圣明', 109, '抽纸盒', '盒', 0, 5.3, 72, 381.6, NULL, 2022, 10),
(3, '2022-11-01', '杨  雪', 138, '洗洁精', '瓶', NULL, 22, 5, 110, NULL, 2022, 11),
(4, '2022-11-01', '杨  雪', 215, '垃圾袋', '卷', NULL, 1.9, 10, 19, NULL, 2022, 11),
(5, '2022-11-01', '杨  雪', 142, '消毒液L3', '箱', NULL, 15, 15, 225, NULL, 2022, 11),
(6, '2022-11-01', '杨  雪', 141, '喷洒消毒液', '瓶', NULL, 9, 9, 81, NULL, 2022, 11),
(7, '2022-11-01', '杨  雪', 140, '白手套', '打', NULL, 9, 9, 81, NULL, 2022, 11),
(8, '2022-11-01', '杨  雪', 165, '马桶刷', '个', NULL, 8, 2, 16, NULL, 2022, 11),
(9, '2022-11-01', '杨  雪', 143, '500消毒液', '瓶', NULL, 2.5, 2, 5, NULL, 2022, 11),
(10, '2022-11-16', '陶怡然', 82, '入库单两联', '本', NULL, 0.6, 100, 60, NULL, 2022, 11),
(11, '2022-11-16', '陶怡然', 38, '卷笔机', '个', NULL, 20, 5, 100, NULL, 2022, 11),
(12, '2022-11-16', '陶怡然', 53, '透明直尺40cm', '把', NULL, 2, 10, 20, NULL, 2022, 11),
(13, '2022-11-16', '陶怡然', 60, '电池南孚27A', '粒', NULL, 2.6, 50, 130, NULL, 2022, 11),
(14, '2022-11-16', '陶怡然', 57, '电池南孚5号', '粒', NULL, 2.2, 60, 132, NULL, 2022, 11),
(15, '2022-11-16', '陶怡然', 61, '彩色长尾票夹5851', '盒', NULL, 11, 5, 55, NULL, 2022, 11),
(16, '2022-11-16', '陶怡然', 62, '彩色长尾票5852', '盒', NULL, 13, 5, 65, NULL, 2022, 11),
(17, '2022-11-16', '陶怡然', 63, '彩色长尾票夹5854', '盒', NULL, 13, 5, 65, NULL, 2022, 11),
(18, '2022-11-16', '陶怡然', 64, '彩色长尾票夹5855', '盒', NULL, 7, 5, 35, NULL, 2022, 11),
(19, '2022-11-16', '陶怡然', 69, '印台红色', '个', NULL, 5.5, 5, 27.5, NULL, 2022, 11),
(20, '2022-11-16', '陶怡然', 92, '黑色口罩', '个', NULL, 0.25, 50, 12.5, NULL, 2022, 11),
(21, '2022-11-16', '陶怡然', 122, '插座5m', '个', NULL, 50, 2, 100, NULL, 2022, 11),
(22, '2022-11-16', '陶怡然', 75, '便利贴76*76mm', '本', NULL, 2, 10, 20, NULL, 2022, 11),
(23, '2022-11-16', '陶怡然', 152, '报销单', '本', NULL, 1.2, 100, 120, NULL, 2022, 11),
(24, '2022-11-16', '陶怡然', 2, 'A4打印纸', '包', NULL, 21.5, 64, 1376, NULL, 2022, 11),
(25, '2022-11-16', '陶怡然', 28, '水笔黑色', '支', NULL, 1.3, 288, 374.4, NULL, 2022, 11),
(26, '2022-11-16', '陶怡然', 57, '电池南孚5号', '粒', NULL, 2.2, 30, 66, NULL, 2022, 11),
(27, '2022-11-16', '陶怡然', 180, '剪刀', '把', NULL, 3.5, 12, 42, NULL, 2022, 11),
(28, '2022-11-16', '陶怡然', 20, '三角抽杆文件夹', '个', NULL, 0.55, 100, 55, NULL, 2022, 11),
(29, '2022-11-16', '陶怡然', 24, '网格拉链袋', '条', NULL, 1.5, 20, 30, NULL, 2022, 11),
(30, '2022-11-16', '陶怡然', 10, '会议记录本皮面黑色', '本', NULL, 7.5, 20, 150, NULL, 2022, 11),
(31, '2022-11-16', '陶怡然', 62, '彩色长尾票5852', '盒', NULL, 10, 10, 100, NULL, 2022, 11),
(32, '2022-11-16', '陶怡然', 63, '彩色长尾票夹5854', '盒', NULL, 13, 5, 65, NULL, 2022, 11),
(33, '2022-11-16', '陶怡然', 58, '电池双鹿7号', '粒', NULL, 2.2, 30, 66, NULL, 2022, 11),
(34, '2022-11-16', '陶怡然', 90, '蓝色口罩', '包', NULL, 1.999, 100, 199.9, NULL, 2022, 11),
(35, '2022-11-21', '杨  雪', 154, '安全帽', '顶', NULL, NULL, 50, '-', NULL, 2022, 11),
(36, '2022-11-24', '陶怡然', 108, '卷纸', '提', NULL, 37.5, 40, 1500, NULL, 2022, 11),
(37, '2022-11-28', '余慧娟', 156, '交换机', '个', NULL, 65, 1, 65, NULL, 2022, 11),
(38, '2022-11-28', '杨  迁', 158, '尘推杆', '根', NULL, 8, 10, 80, NULL, 2022, 11),
(39, '2022-11-29', '杨  迁', 157, '狗粮', '包', NULL, 170, 1, 170, NULL, 2022, 11),
(40, '2022-12-07', '杨  迁', 161, '垃圾袋大', '卷', NULL, NULL, 100, '-', NULL, 2022, 12),
(41, '2022-12-07', '杨  迁', 162, '垃圾袋小', '卷', NULL, NULL, 100, '-', NULL, 2022, 12),
(42, '2022-12-07', '杨  迁', 159, '橡胶手套', '双', 0, 14, 3, 42, NULL, 2022, 12),
(43, '2022-12-14', '余慧娟', 128, '地毯胶', '个', 0, 5, 3, 15, NULL, 2022, 12),
(44, '2022-12-15', '陶怡然', 67, '插座3m', '个', 0, 59, 2, 118, NULL, 2022, 12),
(45, '2022-12-16', '陶怡然', 58, '电池双鹿7号', '节', 0, 0, 120, 0, NULL, 2022, 12),
(46, '2022-12-29', '杨  迁', 149, '酒精消毒水', '瓶', 0, 0, 10, 0, NULL, 2022, 12),
(47, '2022-12-29', '杨  迁', 163, '次氯酸消毒液', '瓶', 0, 0, 12, 0, NULL, 2022, 12),
(48, 44928, '杨  迁', 164, '喷壶', '个', 0, 0, 3, 0, NULL, 2023, 1),
(49, 44928, NULL, 1, 'A3打印纸', '包', 0, 175, 1, 175, NULL, 2023, 1),
(50, 44932, '余慧娟', 165, '马桶刷', '个', 0, 0, 5, 0, NULL, 2023, 1),
(51, 44935, '陶怡然', 93, '有线鼠标', '个', 0, 30, 5, 150, NULL, 2023, 1),
(52, 44935, '陶怡然', 121, '无线鼠标', '个', 0, 75, 5, 375, NULL, 2023, 1),
(53, 44935, '陶怡然', 136, '键盘', '个', 0, 0, 3, 0, NULL, 2023, 1),
(54, 44935, '陶怡然', 166, '无线网卡', '个', 0, 0, 3, 0, NULL, 2023, 1),
(55, 44942, '杨  迁', 159, '橡胶手套', '双', 0, 0, 3, 0, NULL, 2023, 1),
(56, 44942, '杨  迁', 167, '院子灯泡', '个', 0, 15, 2, 30, NULL, 2023, 1),
(57, 44943, '余慧娟', 159, '橡胶手套', '双', 0, 0, 5, 0, NULL, 2023, 1),
(58, 44959, '陶怡然', 90, '蓝色口罩', '包', 0, 0.3, 200, 60, NULL, 2023, 2),
(59, 44963, '余慧娟', 147, '毛巾', '条', 0, 0, 22, 0, NULL, 2023, 2),
(60, 44963, '陈圣明', 209, '84消毒液', '桶', 0, 0, 4, 0, NULL, 2023, 2),
(61, 44963, '陈圣明', 168, '洗衣粉', '包', 0, 0, 12, 0, NULL, 2023, 2),
(62, 44963, '陶怡然', 2, 'A4打印纸', '包', 0, 175, 80, 14000, NULL, 2023, 2),
(63, 44966, '余慧娟', 122, '插座5m', '个', 0, 56, 2, 112, NULL, 2023, 2),
(64, 44966, '余慧娟', 67, '插座3m', '个', 0, 59, 2, 118, NULL, 2023, 2),
(65, 44966, '陶怡然', 57, '电池南孚5号', '节', 0, 2.1, 120, 252, NULL, 2023, 2),
(66, 44966, '陶怡然', 10, '会议记录本皮面黑色', '本', 0, 7.5, 20, 150, NULL, 2023, 2),
(67, 44966, '陶怡然', 147, '毛巾', '条', 0, 0, 20, 0, NULL, 2023, 2),
(68, 44966, '陶怡然', 180, '剪刀', '把', 0, 3.5, 12, 42, NULL, 2023, 2),
(69, 44966, '陶怡然', 41, '美工刀', '把', 0, 0, 5, 0, NULL, 2023, 2),
(70, 44966, '陶怡然', 61, '彩色长尾票夹5851', '盒', 0, 11, 10, 110, NULL, 2023, 2),
(71, 44966, '陶怡然', 64, '彩色长尾票夹5855', '盒', 0, 7, 10, 70, NULL, 2023, 2),
(72, 44966, '陶怡然', 65, '彩色长尾票夹5856', '盒', 0, 8, 10, 80, NULL, 2023, 2),
(73, 44967, '余慧娟', 169, '海绵', '个', 0, 0, 80, 0, NULL, 2023, 2),
(74, 44968, '余慧娟', 214, '白色圆桶', '个', 0, 45, 1, 45, NULL, 2023, 2),
(75, 44968, '余慧娟', 215, '垃圾袋', '卷', 0, 2.5, 10, 25, NULL, 2023, 2),
(76, 44968, '余慧娟', 216, '厨房不锈钢架、铁板烧铁板', '个', 0, 250, 2, 500, NULL, 2023, 2),
(77, 44968, '余慧娟', 217, '高压水枪', '个', 0, 25, 1, 25, NULL, 2023, 2),
(78, 44968, '余慧娟', 218, '塑料水管', '个', 0, 2.5, 10, 25, NULL, 2023, 2),
(79, 44968, '余慧娟', 219, '地面刮水器', '个', 0, 28, 2, 56, NULL, 2023, 2),
(80, 44968, '余慧娟', 220, '5公斤塑料带盖桶', '个', 0, 20, 3, 60, NULL, 2023, 2),
(81, 44968, '余慧娟', 221, '洗衣刷', '个', 0, 3, 5, 15, NULL, 2023, 2),
(82, 44968, '余慧娟', 222, '四层不锈钢梯', '个', 0, 120, 1, 120, NULL, 2023, 2),
(83, 44968, '余慧娟', 226, '好吸水拖把', '个', 0, 30, 1, 30, NULL, 2023, 2),
(84, 44968, '余慧娟', 224, '多功能拖把桶', '个', 0, 65, 1, 65, NULL, 2023, 2),
(85, 44968, '余慧娟', 225, '塑料凳', '个', 0, 20, 6, 120, NULL, 2023, 2),
(86, 44968, '余慧娟', 226, '好吸水拖把', '个', 0, 30, 4, 120, NULL, 2023, 2),
(87, 44968, '余慧娟', 170, '304不锈钢餐盘（带盖）', '个', 0, 20, 5, 100, NULL, 2023, 2),
(88, 44968, '余慧娟', 171, '304不锈钢餐盘）', '个', 0, 16, 60, 960, NULL, 2023, 2),
(89, 44968, '余慧娟', 172, '调料罐', '个', 0, 8, 5, 40, NULL, 2023, 2),
(90, 44968, '余慧娟', 173, '调料罐盖', '个', 0, 4, 5, 20, NULL, 2023, 2),
(91, 44968, '余慧娟', 174, '304不锈钢油缸', '个', 0, 42, 2, 84, NULL, 2023, 2),
(92, 44968, '余慧娟', 175, '304不锈钢大漏勺', '个', 0, 45, 1, 45, NULL, 2023, 2),
(93, 44968, '余慧娟', 176, '304不锈钢沥油格', '个', 0, 15, 1, 15, NULL, 2023, 2),
(94, 44968, '余慧娟', 177, '6两钢板汤勺', '个', 0, 18, 2, 36, NULL, 2023, 2),
(95, 44968, '余慧娟', 179, '锅盖', '个', 0, 20, 1, 20, NULL, 2023, 2),
(96, 44968, '余慧娟', 179, '锅盖', '个', 0, 35, 1, 35, NULL, 2023, 2),
(97, 44968, '余慧娟', 180, '剪刀', '把', 0, 6, 5, 30, NULL, 2023, 2),
(98, 44968, '余慧娟', 181, '菜刀', '个', 0, 38, 2, 76, NULL, 2023, 2),
(99, 44968, '余慧娟', 194, '高压锅排气阀', '个', 0, 5, 5, 25, NULL, 2023, 2),
(100, 44968, '余慧娟', 183, '砍骨刀', '个', 0, 30, 1, 30, NULL, 2023, 2),
(101, 44968, '余慧娟', 184, '高档汤勺', '个', 0, 25, 2, 50, NULL, 2023, 2),
(102, 44968, '余慧娟', 185, '擀面杖', '个', 0, 5, 1, 5, NULL, 2023, 2),
(103, 44968, '余慧娟', 186, '大号不锈钢网格篮', '个', 0, 15, 1, 15, NULL, 2023, 2),
(104, 44968, '余慧娟', 187, '中号不锈钢网格篮', '个', 0, 12, 1, 12, NULL, 2023, 2),
(105, 44968, '余慧娟', 188, '304不锈钢份数盒', '个', 0, 65, 5, 325, NULL, 2023, 2),
(106, 44968, '余慧娟', 189, '304不锈钢份数盒盖', '个', 0, 18, 5, 90, NULL, 2023, 2),
(107, 44968, '余慧娟', 190, '格来德烧水壶', '个', 0, 115, 3, 345, NULL, 2023, 2),
(108, 44968, '余慧娟', 191, '304欧式保温壶', '个', 0, 55, 6, 330, NULL, 2023, 2),
(109, 44968, '余慧娟', 193, '高压锅橡皮圈', '个', 0, 8, 2, 16, NULL, 2023, 2),
(110, 44968, '余慧娟', 193, '高压锅橡皮圈', '个', 0, 10, 2, 20, NULL, 2023, 2),
(111, 44968, '余慧娟', 194, '高压锅排气阀', '个', 0, 3, 5, 15, NULL, 2023, 2),
(112, 44968, '余慧娟', 195, '不锈钢方形冲孔盘', '个', 0, 15, 1, 15, NULL, 2023, 2),
(113, 44968, '余慧娟', 196, '白色塑料切菜板', '个', 0, 120, 1, 120, NULL, 2023, 2),
(114, 44968, '余慧娟', 197, '不锈钢打水桶', '个', 0, 25, 1, 25, NULL, 2023, 2),
(115, 44968, '余慧娟', 214, '白色圆桶', '个', 0, 45, 1, 45, NULL, 2023, 2),
(116, 44968, '余慧娟', 214, '白色圆桶', '个', 0, 35, 3, 105, NULL, 2023, 2),
(117, 44968, '余慧娟', 219, '地面刮水器', '个', 0, 28, 2, 56, NULL, 2023, 2),
(118, 44968, '余慧娟', 201, '洗地刷', '个', 0, 8, 2, 16, NULL, 2023, 2),
(119, 44968, '余慧娟', 202, '吸水拖把', '个', 0, 22, 1, 22, NULL, 2023, 2),
(120, 44968, '余慧娟', 203, '40平拖把', '个', 0, 22, 1, 22, NULL, 2023, 2),
(121, 44968, '余慧娟', 204, '15拖把', '个', 0, 8, 1, 8, NULL, 2023, 2),
(122, 44968, '余慧娟', 206, '整理箱', '个', 0, 55, 1, 55, NULL, 2023, 2),
(123, 44968, '余慧娟', 206, '整理箱', '个', 0, 45, 1, 45, NULL, 2023, 2),
(124, 44968, '余慧娟', 207, '沥水圆箩', '个', 0, 13, 1, 13, NULL, 2023, 2),
(125, 44968, '余慧娟', 208, '去油王', '个', 0, 13, 3.3, 42.9, NULL, 2023, 2),
(126, 44968, '余慧娟', 209, '84消毒液', '桶', 0, 80, 1, 80, NULL, 2023, 2),
(127, 44968, '余慧娟', 210, '片碱', '个', 0, 6, 10, 60, NULL, 2023, 2),
(128, 44968, '余慧娟', 211, '清洁精喷雾', '个', 0, 10, 1, 10, NULL, 2023, 2),
(129, 44968, '余慧娟', 212, '白色陶瓷小汤勺', '个', 0, 0.65, 30, 19.5, NULL, 2023, 2),
(130, 44968, '余慧娟', 213, '长手套', '个', 0, 16, 10, 160, NULL, 2023, 2),
(131, 44977, '余慧娟', 227, '挂式纸盒', '台', 0, 0, 1, 0, NULL, 2023, 2),
(132, 44977, '余慧娟', 228, '挂式纸盒挂钩', '根', 0, 0, 1, 0, NULL, 2023, 2),
(133, 44977, '余慧娟', 229, '纳米海绵', '个', 0, 0, 1, 0, NULL, 2023, 2),
(134, 44977, '余慧娟', 230, '304不锈钢饭勺', '个', 0, 0, 1, 0, NULL, 2023, 2),
(135, 44977, '余慧娟', 231, '抹布', '瓶', 0, 0, 1, 0, NULL, 2023, 2),
(136, 44977, '余慧娟', 232, '久丽洗碗布', '把', 0, 0, 1, 0, NULL, 2023, 2),
(137, 44977, '余慧娟', 233, '三角拖把', '把', 0, 0, 1, 0, NULL, 2023, 2),
(138, 44978, '余慧娟', 162, '垃圾袋小', '卷', 0, 0, 200, 0, NULL, 2023, 2),
(139, 44978, '余慧娟', 236, '线手套', '双', 0, 0, 36, 0, NULL, 2023, 2),
(140, 44978, '余慧娟', 237, '扫把套装', '个', 0, 0, 2, 0, NULL, 2023, 2),
(141, 44978, '余慧娟', 235, '线拖把', '个', 0, 0, 2, 0, NULL, 2023, 2),
(142, 44978, '余慧娟', 234, '钢丝棉', '个', 0, 0, 100, 0, NULL, 2023, 2),
(143, 44978, '余慧娟', 238, '除胶剂', '瓶', 0, 0, 5, 0, NULL, 2023, 2),
(144, 44978, '余慧娟', 140, '白手套', '打', 0, 0, 1, 0, NULL, 2023, 2),
(145, 44979, '余慧娟', 22, '文件夹，纸板夹', '本', 0, 5, 24, 120, NULL, 2023, 2),
(146, 44979, '余慧娟', 10, '会议记录本皮面黑色', '本', 0, 7.5, 20, 150, NULL, 2023, 2),
(147, 44979, '余慧娟', 110, '抽纸巾', '包', 0, 2.5, 200, 500, NULL, 2023, 2),
(148, 44979, '余慧娟', 109, '抽纸盒', '盒', 0, 5.3, 72, 381.6, NULL, 2023, 2),
(149, 44979, '陶怡然', 1, 'A3打印纸', '包', 0, 175, 20, 3500, NULL, 2023, 2),
(150, 44979, '陶怡然', 77, '便利贴四色76*19mm', '包', 0, 0, 20, 0, NULL, 2023, 2),
(151, 44979, '陶怡然', 160, '透明胶带大卷', '卷', 0, 0, 6, 0, NULL, 2023, 2),
(152, 44979, '陶怡然', 240, '资料册60页', '个', 0, 0, 20, 0, NULL, 2023, 2),
(153, 44979, '陶怡然', 239, '海绵胶', '卷', 0, 0, 1, 0, NULL, 2023, 2),
(154, 44979, '陶怡然', NULL, NULL, '-', '-', '-', NULL, '-', NULL, 2023, 2),
(155, 44979, '陶怡然', NULL, NULL, '-', '-', '-', NULL, '-', NULL, 2023, 2);

DELETE FROM usage_record;
ALTER TABLE usage_record AUTO_INCREMENT = 1;
INSERT INTO usage_record (usage_no, usage_date, person_name, dept_name, supply_id, supply_name, unit, model, unit_price, quantity, amount, remark, year, month) VALUES
(1, '2022-10-11', '潘迦轩', '技术部', 10, '会议记录本皮面黑色', '本', 0, 1, 7.5, 7.5, NULL, 2022, 10),
(2, '2022-10-11', '陈圣明', '综合办', 60, '电池南孚27A', '节', 0, 1, 0, 0, NULL, 2022, 10),
(3, '2022-10-13', '潘迦轩', '技术部', 102, '光盘壳', '个', 0, 12, 0, 0, NULL, 2022, 10),
(4, '2022-10-13', '蔡宏斌', '综合办', 24, '网格拉链袋', '只', 0, 2, 0, 0, NULL, 2022, 10),
(5, '2022-10-13', '蔡宏斌', '综合办', 241, '活页本芯18K', '-', '-', 1, '-', NULL, NULL, 2022, 10),
(6, '2022-10-13', '蔡宏斌', '综合办', 242, '医用口罩', '-', '-', 1, '-', NULL, NULL, 2022, 10),
(7, '2022-10-14', '张莉红', '中盛广场物业', 31, '笔芯', '支', 0, 12, 0, 0, NULL, 2022, 10),
(8, '2022-10-14', '张莉红', '中盛广场物业', 82, '入库单两联', '本', 0, 4, 0, 0, NULL, 2022, 10),
(9, '2022-10-14', '张莉红', '中盛广场物业', 28, '水笔黑色', '支', 0, 24, 1.3, 31.2, NULL, 2022, 10),
(10, '2022-10-14', '张莉红', '中盛广场物业', 180, '剪刀', '把', 0, 1, 3.5, 3.5, NULL, 2022, 10),
(11, '2022-10-14', '张莉红', '中盛广场物业', 152, '报销单', '本', 0, 6, 1.2, 7.2, NULL, 2022, 10),
(12, '2022-10-24', '余光耀', '成本部', 1, 'A3打印纸', '包', 0, 4, 175, 700, NULL, 2022, 10),
(13, '2022-10-24', '余光耀', '成本部', 2, 'A4打印纸', '包', 0, 8, 175, 1400, NULL, 2022, 10),
(14, '2022-10-24', '余慧娟', '综合办', 90, '蓝色口罩', '包', 0, 5, 0.3, 1.5, NULL, 2022, 10),
(15, '2022-10-24', '余慧娟', '综合办', 72, '封箱胶带', '筒', 0, 1, 7, 7, NULL, 2022, 10),
(16, '2022-10-24', '余慧娟', '综合办', 128, '地毯胶', '个', 0, 1, 0, 0, NULL, 2022, 10),
(17, '2022-10-24', '陈圣明', '综合办', 65, '彩色长尾票夹5856', '盒', 0, 1, 8, 8, NULL, 2022, 10),
(18, '2022-10-24', '陈圣明', '综合办', 131, '刀笔', '支', 0, 1, 0.32, 0.32, NULL, 2022, 10),
(19, '2022-10-24', '陈圣明', '综合办', 46, '回形针', '盒', 0, 1, 0.7, 0.7, NULL, 2022, 10),
(20, '2022-10-26', '文丽梅', '综合办', 14, '挂快牢得力A4', '张', 0, 34, 0, 0, NULL, 2022, 10),
(21, '2022-10-26', '蔡迎亚', '综合办', 133, '台笔', '支', 0, 1, 0, 0, NULL, 2022, 10),
(22, '2022-10-27', '干淑薇', '工程部', 90, '蓝色口罩', '包', 0, 100, 0.3, 30, NULL, 2022, 10),
(23, '2022-10-27', '干淑薇', '工程部', 28, '水笔黑色', '支', 0, 12, 1.3, 15.6, NULL, 2022, 10),
(24, '2022-10-27', '余光耀', '成本部', 90, '蓝色口罩', '包', 0, 150, 0.3, 45, NULL, 2022, 10),
(25, '2022-10-27', '曹家平', '综合办', 108, '卷纸', '提', 0, 5, 11.5, 57.5, NULL, 2022, 10),
(26, '2022-10-31', '唐姐', '综合办', 108, '卷纸', '提', 0, 2, 11.5, 23, NULL, 2022, 10),
(27, '2022-10-31', '唐姐', '综合办', 109, '抽纸盒', '盒', 0, 18, 5.3, 95.4, NULL, 2022, 10),
(28, '2022-10-31', '唐姐', '综合办', 110, '抽纸巾', '包', 0, 19, 2.5, 47.5, NULL, 2022, 10),
(29, '2022-11-01', '杨  雪', '综合办', 2, 'A4打印纸', '包', 0, 8, 175, 1400, NULL, 2022, 11),
(30, '2022-10-31', '毛总', 'boss', 122, '插座5m', '个', 0, 1, 56, 56, NULL, 2022, 10),
(31, '2022-10-31', '毛总', 'boss', 66, '插座1.8m', '个', 0, 1, 26, 26, NULL, 2022, 10),
(32, '2022-11-01', '陈  奔', '综合办', 11, 'office本32k', '本', 0, 5, 0, 0, NULL, 2022, 11),
(33, '2022-11-01', '陈璐', '销售部', 28, '水笔黑色', '支', 0, 36, 1.3, 46.8, NULL, 2022, 11),
(34, '2022-11-01', '陈璐', '销售部', 215, '垃圾袋', '卷', 0, 12, 0, 0, NULL, 2022, 11),
(35, '2022-11-01', '陈璐', '销售部', 145, '玻璃刮刀', '个', 0, 1, 0, 0, NULL, 2022, 11),
(36, '2022-11-01', '陈璐', '销售部', 144, '拖把', '个', 0, 1, 0, 0, NULL, 2022, 11),
(37, '2022-11-01', '陈璐', '销售部', 146, '玻璃水', '瓶', 0, 1, 0, 0, NULL, 2022, 11),
(38, '2022-11-01', '会议室', '四楼会议室', 109, '抽纸盒', '盒', 0, 3, 5.3, 15.9, NULL, 2022, 11),
(39, '2022-11-01', '陈璐', '销售部', 147, '毛巾', '条', 0, 2, 0, 0, NULL, 2022, 11),
(40, '2022-11-01', '陈璐', '销售部', 148, '钉钉打卡机', '个', 0, 1, 0, 0, NULL, 2022, 11),
(41, '2022-11-01', '陈璐', '销售部', 149, '酒精消毒水', '瓶', 0, 2, 0, 0, NULL, 2022, 11),
(42, '2022-11-03', '曹家平', '综合办', 165, '马桶刷', '个', 0, 2, 0, 0, NULL, 2022, 11),
(43, '2022-11-03', '曹家平', '综合办', 215, '垃圾袋', '卷', 0, 15, 0, 0, NULL, 2022, 11),
(44, '2022-11-03', '陶怡然', '综合办', 90, '蓝色口罩', '包', 0, 10, 0.3, 3, NULL, 2022, 11),
(45, '2022-11-03', '陶怡然', '综合办', 2, 'A4打印纸', '包', 0, 4, 175, 700, NULL, 2022, 11),
(46, '2022-11-07', '王  彪', '财务部', 136, '键盘', '个', 0, 1, 0, 0, NULL, 2022, 11),
(47, '2022-11-07', '王志明', '财务部', 136, '键盘', '个', 0, 1, 0, 0, NULL, 2022, 11),
(48, '2022-11-07', '杨  雪', '综合办', 82, '入库单两联', '本', 0, 5, 0, 0, NULL, 2022, 11),
(49, '2022-11-07', '曹家平', '综合办', 108, '卷纸', '提', 0, 4, 11.5, 46, NULL, 2022, 11),
(50, '2022-11-14', '陈  军', '技术部', 64, '彩色长尾票夹5855', '盒', 0, 1, 7, 7, NULL, 2022, 11),
(51, '2022-11-14', '陈  军', '技术部', 10, '会议记录本皮面黑色', '本', 0, 1, 7.5, 7.5, NULL, 2022, 11),
(52, '2022-11-14', '卢邵洁', '开发部', 90, '蓝色口罩', '包', 0, 9, 0.3, 2.7, NULL, 2022, 11),
(53, '2022-11-16', '刘海山', '综合办', 20, '三角抽杆文件夹', '本', 0, 33, 0.55, 18.15, NULL, 2022, 11),
(54, '2022-11-16', '余光耀', '成本部', 2, 'A4打印纸', '包', 0, 8, 175, 1400, NULL, 2022, 11),
(55, '2022-11-16', '余光耀', '成本部', 28, '水笔黑色', '支', 0, 12, 1.3, 15.6, NULL, 2022, 11),
(56, '2022-11-16', '余光耀', '成本部', 45, '订书钉', '盒', 0, 2, 0.7, 1.4, NULL, 2022, 11),
(57, '2022-11-16', '余光耀', '成本部', 46, '回形针', '盒', 0, 4, 0.7, 2.8, NULL, 2022, 11),
(58, '2022-11-16', '蔡迎亚', '综合办', 10, '会议记录本皮面黑色', '本', 0, 2, 7.5, 15, NULL, 2022, 11),
(59, '2022-11-16', '陶怡然', '综合办', 2, 'A4打印纸', '包', 0, 8, 175, 1400, NULL, 2022, 11),
(60, '2022-11-16', '陶怡然', '综合办', 90, '蓝色口罩', '包', 0, 10, 0.3, 3, NULL, 2022, 11),
(61, '2022-11-16', '陶怡然', '综合办', 75, '便利贴76*76mm', '包', 0, 1, 2, 2, NULL, 2022, 11),
(62, '2022-11-16', '陶怡然', '综合办', 28, '水笔黑色', '支', 0, 12, 1.3, 15.6, NULL, 2022, 11),
(63, '2022-11-16', '陶怡然', '综合办', 82, '入库单两联', '本', 0, 1, 0, 0, NULL, 2022, 11),
(64, '2022-11-16', '陶怡然', '综合办', 46, '回形针', '盒', 0, 2, 0.7, 1.4, NULL, 2022, 11),
(65, '2022-11-16', '陶怡然', '综合办', 63, '彩色长尾票夹5854', '盒', 0, 1, 13, 13, NULL, 2022, 11),
(66, '2020-11-18', '蔡迎亚', '综合办', 57, '电池南孚5号', '节', 0, 15, 2.1, 31.5, NULL, 2020, 11),
(67, '2020-11-18', '谢哲金', '技术部', 153, '手套', '双', 0, 4, 0, 0, NULL, 2020, 11),
(68, '2022-11-21', '杨  雪', '综合办', 57, '电池南孚5号', '节', 0, 15, 2.1, 31.5, NULL, 2022, 11),
(69, '2022-11-21', '何小敏', '技术部', 154, '安全帽', '顶', 0, 1, 0, 0, NULL, 2022, 11),
(70, '2022-11-21', '何小敏', '技术部', 73, '双面胶带宽', '卷', 0, 1, 20, 20, NULL, 2022, 11),
(71, '2022-11-21', '李欠官', '招采部', 10, '会议记录本皮面黑色', '本', 0, 1, 7.5, 7.5, NULL, 2022, 11),
(72, '2022-11-21', '余光耀', '成本部', 57, '电池南孚5号', '节', 0, 2, 2.1, 4.2, NULL, 2022, 11),
(73, '2022-11-22', '陈璐', '销售部', 138, '洗洁精', '桶', 0, 1, 0, 0, NULL, 2022, 11),
(74, '2022-11-22', '陈璐', '销售部', 10, '会议记录本皮面黑色', '本', 0, 5, 7.5, 37.5, NULL, 2022, 11),
(75, '2022-11-22', '陈璐', '销售部', 155, '扫把', '把', 0, 1, 0, 0, NULL, 2022, 11),
(76, '2022-11-22', '曹家平', '综合办', 108, '卷纸', '提', 0, 1, 11.5, 11.5, NULL, 2022, 11),
(77, '2022-11-22', '干淑薇', '工程部', 2, 'A4打印纸', '包', 0, 8, 175, 1400, NULL, 2022, 11),
(78, '2022-11-23', '卢良焕', 'boss', 10, '会议记录本皮面黑色', '本', 0, 1, 7.5, 7.5, NULL, 2022, 11),
(79, '2022-11-24', '唐姐', '综合办', 110, '抽纸巾', '包', 0, 10, 2.5, 25, NULL, 2022, 11),
(80, '2022-11-24', '曹家平', '综合办', 215, '垃圾袋', '卷', 0, 26, 0, 0, NULL, 2022, 11),
(81, '2022-11-25', '王晓奇', '财务部', 2, 'A4打印纸', '包', 0, 8, 175, 1400, NULL, 2022, 11),
(82, '2022-11-28', '蔡迎亚', '综合办', 109, '抽纸盒', '盒', 0, 3, 5.3, 15.9, NULL, 2022, 11),
(83, '2022-11-28', '蔡迎亚', '综合办', 92, '黑色口罩', '盒', 0, 1, 0, 0, NULL, 2022, 11),
(84, '2022-11-28', '金华鼎', '技术部', 67, '插座3m', '个', 0, 1, 59, 59, NULL, 2022, 11),
(85, '2022-11-28', '蔡迎亚', '综合办', 106, '电蚊液', '瓶', 0, 2, 0, 0, NULL, 2022, 11),
(86, '2022-11-28', '王  彪', '财务部', 63, '彩色长尾票夹5854', '盒', 0, 1, 13, 13, NULL, 2022, 11),
(87, '2022-11-28', '王  彪', '财务部', 45, '订书钉', '盒', 0, 1, 0.7, 0.7, NULL, 2022, 11),
(88, '2022-11-28', '王  彪', '财务部', 28, '水笔黑色', '支', 0, 12, 1.3, 15.6, NULL, 2022, 11),
(89, '2022-11-28', '王  彪', '财务部', 10, '会议记录本皮面黑色', '本', 0, 1, 7.5, 7.5, NULL, 2022, 11),
(90, '2022-11-28', '王  彪', '财务部', 37, '铅笔', '支', 0, 3, '7元/盒', NULL, NULL, 2022, 11),
(91, '2022-11-28', '王  彪', '财务部', 40, '橡皮', '个', 0, 1, 0, 0, NULL, 2022, 11),
(92, '2022-11-28', '王  彪', '财务部', 51, '固体胶水', '支', 0, 4, 5, 20, NULL, 2022, 11),
(93, '2022-11-28', '金华鼎', '技术部', 156, '交换机', '个', 0, 1, '-', NULL, NULL, 2022, 11),
(94, '2022-11-28', '陶怡然', '综合办', 82, '入库单两联', '本', 0, 1, 0, 0, NULL, '#REF!', '#REF!'),
(95, '2022-11-28', '曹家平', '综合办', 158, '尘推杆', '根', 0, 1, 0, 0, NULL, 2022, 11),
(96, '2022-11-29', '文丽梅', '综合办', 51, '固体胶水', '支', 0, 2, 1, 2, NULL, 2022, 11),
(97, '2022-11-29', '陶怡然', '综合办', 51, '固体胶水', '支', 0, 1, 1, 1, NULL, 2022, 11),
(98, '2022-11-29', '陶怡然', '综合办', 180, '剪刀', '把', 0, 1, 3.5, 3.5, NULL, 2022, 11),
(99, '2022-11-29', '陶怡然', '综合办', 2, 'A4打印纸', '包', 0, 4, 175, 700, NULL, 2022, 11),
(100, '2022-11-30', '余慧娟', '综合办', 58, '电池双鹿7号', '节', 0, 3, 0, 0, NULL, 2022, 11),
(101, '2022-12-01', '陶怡然', '综合办', 147, '毛巾', '条', 0, 2, 0, 0, NULL, 2022, 12),
(102, '2022-12-01', '陶怡然', '综合办', 110, '抽纸巾', '包', 0, 10, 2.5, 25, NULL, 2022, 12),
(103, '2022-12-01', '曹家平', '综合办', 159, '橡胶手套', '双', 0, 1, 0, 0, NULL, 2022, 12),
(104, '2022-12-02', '陈  军', '技术部', 57, '电池南孚5号', '节', 0, 2, 2.1, 4.2, NULL, 2022, 12),
(105, '2022-12-02', '余光耀', '成本部', 90, '蓝色口罩', '包', 0, 10, 0.3, 3, NULL, 2022, 12),
(106, '2022-12-02', '杨  雪', '综合办', 2, 'A4打印纸', '包', 0, 8, 175, 1400, NULL, 2022, 12),
(107, '2022-12-02', '杨  雪', '综合办', 90, '蓝色口罩', '包', 0, 10, 0.3, 3, NULL, 2022, 12),
(108, '2022-12-02', '杨  迁', '综合办', 160, '透明胶带大卷', '卷', 0, 1, 0, 0, NULL, 2022, 12),
(109, '2022-12-05', '金华鼎', '技术部', 154, '安全帽', '顶', 0, 1, 0, 0, NULL, 2022, 12),
(110, '2022-12-05', '郦  静', '综合办', 159, '橡胶手套', '双', 0, 1, 0, 0, NULL, 2022, 12),
(111, '2022-12-06', '杨  迁', '综合办', 90, '蓝色口罩', '包', 0, 2, 0.3, 0.6, NULL, 2022, 12),
(112, '2022-12-06', '曹家平', '综合办', 162, '垃圾袋小', '卷', 0, 20, 0, 0, NULL, 2022, 12),
(113, '2022-12-06', '陈圣明', '综合办', 50, '液体胶水', '支', 0, 1, 1, 1, NULL, 2022, 12),
(114, '2022-12-07', '黄  婷', '招采部', 17, '档案盒牛皮纸', '只', 0, 20, 0, 0, NULL, 2022, 12),
(115, '2022-12-07', '陈灵星', '财务部', 46, '回形针', '盒', 0, 2, 0.7, 1.4, NULL, 2022, 12),
(116, '2022-12-07', '陈灵星', '财务部', 61, '彩色长尾票夹5851', '盒', 0, 2, 11, 22, NULL, 2022, 12),
(117, '2022-12-07', '陈灵星', '财务部', 77, '便利贴四色76*19mm', '包', 0, 1, 0, 0, NULL, 2022, 12),
(118, '2022-12-07', '范小红', '综合办', 159, '橡胶手套', '双', 0, 1, 0, 0, NULL, 2022, 12),
(119, '2022-12-07', '杨  迁', '综合办', 17, '档案盒牛皮纸', '只', 0, 20, 0, 0, NULL, 2022, 12),
(120, '2022-12-12', '刘海山', '综合办', 57, '电池南孚5号', '节', 0, 2, 2.1, 4.2, NULL, 2022, 12),
(121, '2022-12-12', '干淑薇', '工程部', 28, '水笔黑色', '支', 0, 12, 1.3, 15.6, NULL, 2022, 12),
(122, '2022-12-12', '王  荧', '工程部', 152, '报销单', '本', 0, 2, 1.2, 2.4, NULL, 2022, 12),
(123, '2022-12-12', '王  荧', '工程部', 134, '用款申请单', '本', 0, 2, 0, 0, NULL, 2022, 12),
(124, '2022-12-12', '陶怡然', '综合办', 90, '蓝色口罩', '包', 0, 15, 0.3, 4.5, NULL, 2022, 12),
(125, '2022-12-12', '丁小青', '技术部', 110, '抽纸巾', '包', 0, 1, 2.5, 2.5, NULL, 2022, 12),
(126, '2022-12-12', '蒋  黎', '财务部', 66, '插座1.8m', '个', 0, 1, NULL, 0, NULL, 2022, 12),
(127, '2022-12-12', '金  锋', '成本部', 10, '会议记录本皮面黑色', '本', 0, 1, 7.5, 7.5, NULL, 2022, 12),
(128, '2022-12-12', '曹家平', '综合办', 144, '拖把', '个', 0, 1, 0, 0, NULL, 2022, 12),
(129, '2022-12-13', '干淑薇', '工程部', 2, 'A4打印纸', '包', 0, 8, 175, 1400, NULL, 2022, 12),
(130, '2022-12-15', '陈圣明', '综合办', 159, '橡胶手套', '双', 0, 1, 0, 0, NULL, 2022, 12),
(131, '2022-12-14', '余慧娟', '综合办', 57, '电池南孚5号', '节', 0, 10, 2.1, 21, NULL, 2022, 12),
(132, '2022-12-14', '会所', '综合办', 58, '电池双鹿7号', '节', 0, 30, 0, 0, NULL, 2022, 12),
(133, '2022-12-15', '曹家平', '综合办', 162, '垃圾袋小', '卷', 0, 20, 0, 0, NULL, 2022, 12),
(134, '2022-12-15', '曹家平', '综合办', 109, '抽纸盒', '盒', 0, 3, 5.3, 15.9, NULL, 2022, 12),
(135, '2022-12-15', '曹家平', '综合办', 108, '卷纸', '提', 0, 6, 11.5, 69, NULL, 2022, 12),
(136, '2022-12-26', '陶怡然', '综合办', 90, '蓝色口罩', '包', 0, 18, 0.3, 5.4, NULL, 2022, 12),
(137, '2022-12-26', '陈灵星', '财务部', 81, '收据三联', '本', 0, 35, 1.5, 52.5, NULL, 2022, 12),
(138, '2022-12-26', '王  彪', '财务部', 2, 'A4打印纸', '包', 0, 8, 175, 1400, NULL, 2022, 12),
(139, '2022-12-26', '陶怡然', '综合办', 2, 'A4打印纸', '包', 0, 4, 175, 700, NULL, 2022, 12),
(140, '2022-12-26', '陶怡然', '综合办', 57, '电池南孚5号', '节', 0, 4, 2.1, 8.4, NULL, 2022, 12),
(141, '2022-12-26', '曹家平', '综合办', 147, '毛巾', '条', 0, 3, 0, 0, NULL, 2022, 12),
(142, '2022-12-26', '曹家平', '综合办', 145, '玻璃刮刀', '个', 0, 2, 0, 0, NULL, 2022, 12),
(143, '2022-12-26', '陶怡然', '综合办', 91, '一次性纸杯50个/筒', '筒', 0, 3, 0.2, 0.6, NULL, 2022, 12),
(144, '2022-12-27', '毛总', 'boss', 57, '电池南孚5号', '节', 0, 8, 2.1, 16.8, NULL, 2022, 12),
(145, '2022-12-27', '梁金兵', '工程部', 90, '蓝色口罩', '包', 0, 8, 0.3, 2.4, NULL, 2022, 12),
(146, '2022-12-27', '杨  雪', '综合办', 90, '蓝色口罩', '包', 0, 8, 0.3, 2.4, NULL, 2022, 12),
(147, '2022-12-27', '余慧娟', '综合办', 152, '报销单', '本', 0, 3, 1.2, 3.6, NULL, 2022, 12),
(148, '2022-12-27', '余慧娟', '综合办', 134, '用款申请单', '本', 0, 1, 0, 0, NULL, 2022, 12),
(149, '2022-12-27', '余慧娟', '综合办', 29, '水笔红色', '支', 0, 2, 1.3, 2.6, NULL, 2022, 12),
(150, '2022-12-28', '谢哲金', '技术部', 154, '安全帽', '顶', 0, 1, 0, 0, NULL, 2022, 12),
(151, '2022-12-28', '王美萍', '成本部', 90, '蓝色口罩', '包', 0, 10, 0.3, 3, NULL, 2022, 12),
(152, '2022-12-28', '陶怡然', '综合办', 209, '84消毒液', '桶', 0, 2, 0, 0, NULL, 2022, 12),
(153, '2022-12-29', '陶怡然', '综合办', 163, '次氯酸消毒液', '瓶', 0, 12, 0, 0, NULL, 2022, 12),
(154, '2022-12-29', '干淑薇', '工程部', 90, '蓝色口罩', '包', 0, 10, 0.3, 3, NULL, 2022, 12),
(155, '2022-12-30', '毛总', 'boss', 57, '电池南孚5号', '节', 0, 6, 2.1, 12.6, NULL, 2022, 12),
(156, '2022-12-30', '毛总', 'boss', 110, '抽纸巾', '包', 0, 3, 2.5, 7.5, NULL, 2022, 12),
(157, '2022-12-30', '毛总', 'boss', 151, '洗手液', '瓶', 0, 1, 0, 0, '大桶', 2022, 12),
(158, 44927, '曹家平', '综合办', 161, '垃圾袋大', '卷', 0, 5, 0, 0, NULL, 2023, 1),
(159, 44927, '曹家平', '综合办', 162, '垃圾袋小', '卷', 0, 10, 0, 0, NULL, 2023, 1),
(160, 44927, '曹家平', '综合办', 144, '拖把', '个', 0, 2, 0, 0, NULL, 2023, 1),
(161, 44928, '曹家平', '综合办', 108, '卷纸', '提', 0, 3, 11.5, 34.5, NULL, 2023, 1),
(162, 44928, '杨  雪', '综合办', 109, '抽纸盒', '盒', 0, 3, 5.3, 15.9, NULL, 2023, 1),
(163, 44928, '杨  雪', '综合办', 30, '按压水笔黑色', '支', 0, 2, 2, 4, NULL, 2023, 1),
(164, 44928, '杨  雪', '综合办', 2, 'A4打印纸', '包', 0, 1, 175, 175, NULL, 2023, 1),
(165, 44928, '陶怡然', '综合办', 28, '水笔黑色', '支', 0, 29, 1.3, 37.7, NULL, 2023, 1),
(166, 44928, '陶怡然', '综合办', 57, '电池南孚5号', '节', 0, 7, 2.1, 14.7, NULL, 2023, 1),
(167, 44928, '曹家平', '综合办', 147, '毛巾', '条', 0, 4, 0, 0, NULL, 2023, 1),
(168, 44928, '干淑薇', '工程部', 28, '水笔黑色', '支', 0, 12, 1.3, 15.6, NULL, 2023, 1),
(169, 44929, '阮哲慧', '销售部', 90, '蓝色口罩', '包', 0, 50, 0.3, 15, NULL, 2023, 1),
(170, 44929, '余光耀', '成本部', 134, '用款申请单', '本', 0, 3, 0, 0, NULL, 2023, 1),
(171, 44930, '曹家平', '综合办', 162, '垃圾袋小', '卷', 0, 10, 0, 0, NULL, 2023, 1),
(172, 44930, '陶怡然', '综合办', 90, '蓝色口罩', '包', 0, 5, 0.3, 1.5, NULL, 2023, 1),
(173, 44930, '谢哲金', '技术部', 140, '白手套', '打', 0, 2, 0, 0, NULL, 2023, 1),
(174, 44930, '余慧娟', '综合办', 93, '有线鼠标', '个', 0, 1, 30, 30, NULL, 2023, 1),
(175, 44930, '王  荧', '工程部', 83, '出库单三联', '本', 0, 3, 0, 0, NULL, 2023, 1),
(176, 44930, '王  荧', '工程部', 82, '入库单两联', '本', 0, 3, 0, 0, NULL, 2023, 1),
(177, 44931, '杨  雪', '综合办', 28, '水笔黑色', '支', 0, 7, 1.3, 9.1, NULL, 2023, 1),
(178, 44931, '陈  奔', '综合办', 90, '蓝色口罩', '包', 0, 5, 0.3, 1.5, NULL, 2023, 1),
(179, 44931, '蔡迎亚', '综合办', 110, '抽纸巾', '包', 0, 9, 2.5, 22.5, NULL, 2023, 1),
(180, 44931, '干淑薇', '工程部', 154, '安全帽', '顶', 0, 5, 0, 0, NULL, 2023, 1),
(181, 44931, '干淑薇', '工程部', 91, '一次性纸杯50个/筒', '筒', 0, 6, 0.2, 1.2, NULL, 2023, 1),
(182, 44932, '范小红', '综合办', 159, '橡胶手套', '双', 0, 3, 0, 0, NULL, 2023, 1),
(183, 44932, '范小红', '综合办', 147, '毛巾', '条', 0, 3, 0, 0, NULL, 2023, 1),
(184, 44932, '曹家平', '综合办', 147, '毛巾', '条', 0, 2, 0, 0, NULL, 2023, 1),
(185, 44932, '曹家平', '综合办', 165, '马桶刷', '个', 0, 3, 0, 0, NULL, 2023, 1),
(186, 44932, '曹家平', '综合办', 108, '卷纸', '提', 0, 1, 11.5, 11.5, NULL, 2023, 1),
(187, 44935, '杨  雪', '综合办', 66, '插座1.8m', '个', 0, 1, 26, 26, NULL, 2023, 1),
(188, 44935, '蔡迎亚', '综合办', 151, '洗手液', '瓶', 0, 1, 0, 0, NULL, 2023, 1),
(189, 44935, '陶怡然', '综合办', 180, '剪刀', '把', 0, 1, 3.5, 3.5, NULL, 2023, 1),
(190, 44935, '陶怡然', '综合办', 28, '水笔黑色', '支', 0, 12, 1.3, 15.6, NULL, 2023, 1),
(191, 44935, '杨  雪', '综合办', 62, '彩色长尾票5852', '盒', 0, 1, 15, 15, NULL, 2023, 1),
(192, 44935, '陈春仙', '销售部', 166, '无线网卡', '个', 0, 1, 0, 0, NULL, 2023, 1),
(193, 44935, '何小敏', '技术部', 75, '便利贴76*76mm', '包', 0, 9, 2, 18, NULL, 2023, 1),
(194, 44939, '曹家平', '综合办', 162, '垃圾袋小', '卷', 0, 10, 0, 0, NULL, 2023, 1),
(195, 44939, '曹家平', '综合办', 161, '垃圾袋大', '卷', 0, 1, 0, 0, NULL, 2023, 1),
(196, 44940, '曹家平', '综合办', 108, '卷纸', '提', 0, 1, 11.5, 11.5, NULL, 2023, 1),
(197, 44940, '曹家平', '综合办', 110, '抽纸巾', '包', 0, 6, 2.5, 15, NULL, 2023, 1),
(198, 44941, '刘海山', '综合办', 154, '安全帽', '顶', 0, 2, 0, 0, NULL, 2023, 1),
(199, 44941, '陶怡然', '综合办', 2, 'A4打印纸', '包', 0, 2, 175, 350, NULL, 2023, 1),
(200, 44941, '文丽梅', '综合办', 2, 'A4打印纸', '包', 0, 3, 175, 525, NULL, 2023, 1),
(201, 44942, '杨  迁', '综合办', 28, '水笔黑色', '支', 0, 4, 1.3, 5.2, NULL, 2023, 1),
(202, 44943, '周昌盈', '看门', 159, '橡胶手套', '双', 0, 1, 0, 0, NULL, 2023, 1),
(203, 44943, '徐玲', '销售部', 154, '安全帽', '顶', 0, 20, 0, 0, NULL, 2023, 1),
(204, 44944, '文丽梅', '综合办', 147, '毛巾', '条', 0, 1, 0, 0, NULL, 2023, 1),
(205, 44945, '曹家平', '综合办', 161, '垃圾袋大', '卷', 0, 5, 0, 0, NULL, 2023, 1),
(206, 44945, '曹家平', '综合办', 162, '垃圾袋小', '卷', 0, 10, 0, 0, NULL, 2023, 1),
(207, 44955, '范小红', '综合办', 66, '插座1.8m', '个', 0, 1, 26, 26, NULL, 2023, 1),
(208, 44955, '范小红', '综合办', 180, '剪刀', '把', 0, 1, 3.5, 3.5, NULL, 2023, 1),
(209, 44955, '陈灵星', '财务部', 136, '键盘', '个', 0, 1, 0, 0, NULL, 2023, 1),
(210, 44955, '杨  雪', '综合办', 55, '卷尺5m', '个', 0, 1, 9, 9, '七楼', 2023, 1),
(211, 44956, '杨  迁', '综合办', 13, '透明暗扣袋', '个', 0, 10, 0, 0, '小毛', 2023, 1),
(212, 44956, '陈  奔', '综合办', 159, '橡胶手套', '双', 0, 1, 0, 0, NULL, 2023, 1),
(213, 44956, '陈  奔', '综合办', 10, '会议记录本皮面黑色', '本', 0, 2, 7.5, 15, NULL, 2023, 1),
(214, 44956, '陈  奔', '综合办', 155, '扫把', '把', 0, 1, 0, 0, NULL, 2023, 1),
(215, 44958, '曹家平', '综合办', 109, '抽纸盒', '盒', 0, 12, 5.3, 63.6, NULL, 2023, 2),
(216, 44958, '曹家平', '综合办', 162, '垃圾袋小', '卷', 0, 10, 0, 0, NULL, 2023, 2),
(217, 44958, '曹家平', '综合办', 161, '垃圾袋大', '卷', 0, 6, 0, 0, NULL, 2023, 2),
(218, 44959, '刘海山', '综合办', 18, '档案盒大塑料', '只', 0, 2, 0, 0, NULL, 2023, 2),
(219, 44959, '陶怡然', '综合办', 28, '水笔黑色', '支', 0, 12, 1.3, 15.6, NULL, 2023, 2),
(220, 44959, '陈灵星', '财务部', 62, '彩色长尾票5852', '盒', 0, 2, 15, 30, NULL, 2023, 2),
(221, 44959, '陈灵星', '财务部', 61, '彩色长尾票夹5851', '盒', 0, 2, 11, 22, NULL, 2023, 2),
(222, 44959, '陈灵星', '财务部', 46, '回形针', '盒', 0, 1, 0.7, 0.7, NULL, 2023, 2),
(223, 44959, '陶怡然', '综合办', 180, '剪刀', '把', 0, 1, 3.5, 3.5, NULL, 2023, 2),
(224, 44959, '郦  静', '综合办', 90, '蓝色口罩', '包', 0, 2, 0.3, 0.6, NULL, 2023, 2),
(225, 44959, '曹家平', '综合办', 109, '抽纸盒', '盒', 0, 1, 5.3, 5.3, NULL, 2023, 2),
(226, 44959, '余慧娟', '综合办', 109, '抽纸盒', '盒', 0, 4, 5.3, 21.2, NULL, 2023, 2),
(227, 44960, '陶怡然', '综合办', 180, '剪刀', '把', 0, 1, 3.5, 3.5, NULL, 2023, 2),
(228, 44960, '陶怡然', '综合办', 2, 'A4打印纸', '包', 0, 3, 175, 525, NULL, 2023, 2),
(229, 44960, '陶怡然', '综合办', 75, '便利贴76*76mm', '包', 0, 2, 2, 4, NULL, 2023, 2),
(230, 44963, '范小红', '综合办', 147, '毛巾', '条', 0, 6, 0, 0, NULL, 2023, 2),
(231, 44963, '陈圣明', '综合办', 33, '记号笔黑色', '支', 0, 1, 0.5, 0.5, NULL, 2023, 2),
(232, 44963, '王  彪', '财务部', 67, '插座3m', '个', 0, 1, 59, 59, NULL, 2023, 2),
(233, 44964, '陶怡然', '综合办', 28, '水笔黑色', '支', 0, 4, 1.3, 5.2, '悦江府入职', 2023, 2),
(234, 44964, '陶怡然', '综合办', 10, '会议记录本皮面黑色', '本', 0, 4, 7.5, 30, '悦江府入职', 2023, 2),
(235, 44964, '蔡迎亚', '综合办', 28, '水笔黑色', '支', 0, 12, 1.3, 15.6, NULL, 2023, 2),
(236, 44964, '蔡迎亚', '综合办', 9, '定制会议便签本牛皮书写夹板A4', '本', 0, 6, 0, 0, NULL, 2023, 2),
(237, 44964, '范小红', '综合办', 168, '洗衣粉', '包', 0, 1, 0, 0, NULL, 2023, 2),
(238, 44964, '曹家平', '综合办', 161, '垃圾袋大', '卷', 0, 10, 0, 0, NULL, 2023, 2),
(239, 44964, '曹家平', '综合办', 162, '垃圾袋小', '卷', 0, 20, 0, 0, NULL, 2023, 2),
(240, 44964, '曹家平', '综合办', 108, '卷纸', '提', 0, 5, 11.5, 57.5, NULL, 2023, 2),
(241, 44964, '金也莉', '成本部', 7, '定制会议本牛皮A4', '本', 0, 1, 0, 0, NULL, 2023, 2),
(242, 44964, '杨  雪', '综合办', 1, 'A3打印纸', '包', 0, 2, 175, 350, NULL, 2023, 2),
(243, 44964, '杨  雪', '综合办', 2, 'A4打印纸', '包', 0, 8, 175, 1400, NULL, 2023, 2),
(244, 44964, '余光耀', '成本部', 2, 'A4打印纸', '包', 0, 8, 175, 1400, NULL, 2023, 2),
(245, 44964, '余光耀', '成本部', 61, '彩色长尾票夹5851', '盒', 0, 1, 11, 11, NULL, 2023, 2),
(246, 44964, '余光耀', '成本部', 62, '彩色长尾票5852', '盒', 0, 1, 15, 15, NULL, 2023, 2),
(247, 44964, '干淑薇', '工程部', 1, 'A3打印纸', '包', 0, 4, 175, 700, NULL, 2023, 2),
(248, 44964, '干淑薇', '工程部', 65, '彩色长尾票夹5856', '盒', 0, 2, 8, 16, NULL, 2023, 2),
(249, 44964, '干淑薇', '工程部', 64, '彩色长尾票夹5855', '盒', 0, 2, 7, 14, NULL, 2023, 2),
(250, 44964, '唐姐', '综合办', 168, '洗衣粉', '包', 0, 4, 0, 0, NULL, 2023, 2),
(251, 44964, '唐姐', '综合办', 209, '84消毒液', '桶', 0, 3, 0, 0, NULL, 2023, 2),
(252, 44964, '唐姐', '综合办', 159, '橡胶手套', '双', 0, 2, 0, 0, NULL, 2023, 2),
(253, 44964, '唐姐', '综合办', 164, '喷壶', '个', 0, 2, 0, 0, NULL, 2023, 2),
(254, 44964, '唐姐', '综合办', 109, '抽纸盒', '盒', 0, 10, 5.3, 53, NULL, 2023, 2),
(255, 44965, '杨  雪', '综合办', 58, '电池双鹿7号', '节', 0, 4, 0, 0, NULL, 2023, 2),
(256, 44966, '杨  雪', '综合办', 57, '电池南孚5号', '节', 0, 3, 2.1, 6.3, NULL, 2023, 2),
(257, 44966, '杨  雪', '综合办', 122, '插座5m', '个', 0, 1, 56, 56, '毛6楼', 2023, 2),
(258, 44966, '陶怡然', '综合办', 75, '便利贴76*76mm', '包', 0, 2, 2, 4, NULL, 2023, 2),
(259, 44966, '陶怡然', '综合办', 29, '水笔红色', '支', 0, 1, 1.3, 1.3, NULL, 2023, 2),
(260, 44966, '陶怡然', '综合办', 33, '记号笔黑色', '支', 0, 1, 0.5, 0.5, NULL, 2023, 2),
(261, 44966, '曹家平', '综合办', 162, '垃圾袋小', '卷', 0, 1, 0, 0, NULL, 2023, 2),
(262, 44966, '曹家平', '综合办', 144, '拖把', '个', 0, 1, 0, 0, NULL, 2023, 2),
(263, 44966, '陶怡然', '综合办', 10, '会议记录本皮面黑色', '本', 0, 10, 7.5, 75, '入职', 2023, 2),
(264, 44967, '陈圣明', '综合办', 66, '插座1.8m', '个', 0, 1, 26, 26, NULL, 2023, 2),
(265, 44967, '范小红', '综合办', 170, '304不锈钢餐盘（带盖）', '个', 0, 5, 0, 0, NULL, 2023, 2),
(266, 44967, '范小红', '综合办', 171, '304不锈钢餐盘）', '个', 0, 60, 0, 0, NULL, 2023, 2),
(267, 44967, '范小红', '综合办', 172, '调料罐', '个', 0, 5, 0, 0, NULL, 2023, 2),
(268, 44967, '范小红', '综合办', 173, '调料罐盖', '个', 0, 5, 0, 0, NULL, 2023, 2),
(269, 44967, '范小红', '综合办', 174, '304不锈钢油缸', '个', 0, 2, 0, 0, NULL, 2023, 2),
(270, 44967, '范小红', '综合办', 175, '304不锈钢大漏勺', '个', 0, 1, 0, 0, NULL, 2023, 2),
(271, 44967, '范小红', '综合办', 176, '304不锈钢沥油格', '个', 0, 1, 0, 0, NULL, 2023, 2),
(272, 44967, '范小红', '综合办', 177, '6两钢板汤勺', '个', 0, 2, 0, 0, NULL, 2023, 2),
(273, 44967, '范小红', '综合办', 179, '锅盖', '个', 0, 1, 0, 0, NULL, 2023, 2),
(274, 44967, '范小红', '综合办', 179, '锅盖', '个', 0, 1, 0, 0, NULL, 2023, 2),
(275, 44967, '范小红', '综合办', 180, '剪刀', '把', 0, 5, 3.5, 17.5, NULL, 2023, 2),
(276, 44967, '范小红', '综合办', 181, '菜刀', '个', 0, 2, 0, 0, NULL, 2023, 2),
(277, 44967, '范小红', '综合办', 194, '高压锅排气阀', '个', 0, 5, 0, 0, NULL, 2023, 2),
(278, 44967, '范小红', '综合办', 183, '砍骨刀', '个', 0, 1, 0, 0, NULL, 2023, 2),
(279, 44967, '范小红', '综合办', 184, '高档汤勺', '个', 0, 2, 0, 0, NULL, 2023, 2),
(280, 44967, '范小红', '综合办', 185, '擀面杖', '个', 0, 1, 0, 0, NULL, 2023, 2),
(281, 44967, '范小红', '综合办', 186, '大号不锈钢网格篮', '个', 0, 1, 0, 0, NULL, 2023, 2),
(282, 44967, '范小红', '综合办', 187, '中号不锈钢网格篮', '个', 0, 1, 0, 0, NULL, 2023, 2),
(283, 44967, '范小红', '综合办', 188, '304不锈钢份数盒', '个', 0, 5, 0, 0, NULL, 2023, 2),
(284, 44967, '范小红', '综合办', 189, '304不锈钢份数盒盖', '个', 0, 5, 0, 0, NULL, 2023, 2),
(285, 44967, '范小红', '综合办', 190, '格来德烧水壶', '个', 0, 3, 0, 0, NULL, 2023, 2),
(286, 44967, '范小红', '综合办', 191, '304欧式保温壶', '个', 0, 6, 0, 0, NULL, 2023, 2),
(287, 44967, '范小红', '综合办', 193, '高压锅橡皮圈', '个', 0, 2, 0, 0, NULL, 2023, 2),
(288, 44967, '范小红', '综合办', 193, '高压锅橡皮圈', '个', 0, 2, 0, 0, NULL, 2023, 2),
(289, 44967, '范小红', '综合办', 194, '高压锅排气阀', '个', 0, 5, 0, 0, NULL, 2023, 2),
(290, 44967, '范小红', '综合办', 195, '不锈钢方形冲孔盘', '个', 0, 1, 0, 0, NULL, 2023, 2),
(291, 44967, '范小红', '综合办', 196, '白色塑料切菜板', '个', 0, 1, 0, 0, NULL, 2023, 2),
(292, 44967, '范小红', '综合办', 197, '不锈钢打水桶', '个', 0, 1, 0, 0, NULL, 2023, 2),
(293, 44967, '范小红', '综合办', 214, '白色圆桶', '个', 0, 1, 0, 0, NULL, 2023, 2),
(294, 44967, '范小红', '综合办', 214, '白色圆桶', '个', 0, 3, 0, 0, NULL, 2023, 2),
(295, 44967, '范小红', '综合办', 219, '地面刮水器', '个', 0, 2, 0, 0, NULL, 2023, 2),
(296, 44967, '范小红', '综合办', 201, '洗地刷', '个', 0, 2, 0, 0, NULL, 2023, 2),
(297, 44967, '范小红', '综合办', 202, '吸水拖把', '个', 0, 1, 0, 0, NULL, 2023, 2),
(298, 44967, '范小红', '综合办', 203, '40平拖把', '个', 0, 1, 0, 0, NULL, 2023, 2),
(299, 44967, '范小红', '综合办', 204, '15拖把', '个', 0, 1, 0, 0, NULL, 2023, 2),
(300, 44967, '范小红', '综合办', 206, '整理箱', '个', 0, 1, 0, 0, NULL, 2023, 2),
(301, 44967, '范小红', '综合办', 206, '整理箱', '个', 0, 1, 0, 0, NULL, 2023, 2),
(302, 44967, '范小红', '综合办', 207, '沥水圆箩', '个', 0, 1, 0, 0, NULL, 2023, 2),
(303, 44967, '范小红', '综合办', 208, '去油王', '个', 0, 3.3, 0, 0, NULL, 2023, 2),
(304, 44967, '范小红', '综合办', 209, '84消毒液', '桶', 0, 1, 0, 0, NULL, 2023, 2),
(305, 44967, '范小红', '综合办', 210, '片碱', '个', 0, 10, 0, 0, NULL, 2023, 2),
(306, 44967, '范小红', '综合办', 211, '清洁精喷雾', '个', 0, 1, 0, 0, NULL, 2023, 2),
(307, 44967, '范小红', '综合办', 212, '白色陶瓷小汤勺', '个', 0, 30, 0, 0, NULL, 2023, 2),
(308, 44967, '范小红', '综合办', 213, '长手套', '个', 0, 10, 0, 0, NULL, 2023, 2),
(309, 44967, '范小红', '综合办', 214, '白色圆桶', '个', 0, 1, 0, 0, NULL, 2023, 2),
(310, 44967, '范小红', '综合办', 215, '垃圾袋', '卷', 0, 10, 0, 0, NULL, 2023, 2),
(311, 44967, '范小红', '综合办', 216, '厨房不锈钢架、铁板烧铁板', '个', 0, 2, 0, 0, NULL, 2023, 2),
(312, 44967, '范小红', '综合办', 217, '高压水枪', '个', 0, 1, 0, 0, NULL, 2023, 2),
(313, 44967, '范小红', '综合办', 218, '塑料水管', '个', 0, 10, 0, 0, NULL, 2023, 2),
(315, 44967, '范小红', '综合办', 220, '5公斤塑料带盖桶', '个', 0, 3, 0, 0, NULL, 2023, 2),
(316, 44967, '范小红', '综合办', 221, '洗衣刷', '个', 0, 5, 0, 0, NULL, 2023, 2),
(317, 44967, '范小红', '综合办', 222, '四层不锈钢梯', '个', 0, 1, 0, 0, NULL, 2023, 2),
(318, 44967, '范小红', '综合办', 226, '好吸水拖把', '个', 0, 1, 0, 0, NULL, 2023, 2),
(319, 44967, '范小红', '综合办', 224, '多功能拖把桶', '个', 0, 1, 0, 0, NULL, 2023, 2),
(320, 44967, '范小红', '综合办', 225, '塑料凳', '个', 0, 6, 0, 0, NULL, 2023, 2),
(321, 44968, '范小红', '综合办', 169, '海绵', '个', 0, 8, 0, 0, NULL, 2023, 2),
(322, 44970, '王志明', '财务部', 58, '电池双鹿7号', '节', 0, 8, 0, 0, NULL, 2023, 2),
(323, 44970, '刘海山', '综合办', 20, '三角抽杆文件夹', '本', 0, 20, 0.55, 11, NULL, 2023, 2),
(324, 44970, '陶怡然', '综合办', 41, '美工刀', '把', 0, 1, 0, 0, NULL, 2023, 2),
(325, 44970, '陶怡然', '综合办', 180, '剪刀', '把', 0, 1, 3.5, 3.5, NULL, 2023, 2),
(326, 44970, '陶怡然', '综合办', 28, '水笔黑色', '支', 0, 12, 1.3, 15.6, NULL, 2023, 2),
(327, 44972, '陶怡然', '综合办', 28, '水笔黑色', '支', 0, 12, 1.3, 15.6, '入职', 2023, 2),
(328, 44972, '陶怡然', '综合办', 90, '蓝色口罩', '包', 0, 5, 0.3, 1.5, NULL, 2023, 2),
(329, 44972, '陶怡然', '综合办', 49, '笔筒方形', '个', 0, 1, 4, 4, '会议室', 2023, 2),
(330, 44972, '陶怡然', '综合办', 91, '一次性纸杯50个/筒', '筒', 0, 2, 0.2, 0.4, '一楼', 2023, 2),
(331, 44972, '蒋云飞', '中盛广场物业', 2, 'A4打印纸', '包', 0, 4, 175, 700, NULL, 2023, 2),
(332, 44972, '陶怡然', '综合办', 2, 'A4打印纸', '包', 0, 4, 175, 700, NULL, 2023, 2),
(333, 44972, '刘海山', '综合办', 56, '卷尺2m', '个', 0, 1, 0, 0, NULL, 2023, 2),
(334, 44973, '陶怡然', '综合办', 82, '入库单两联', '本', 0, 2, 0, 0, NULL, 2023, 2),
(335, 44973, '郦  静', '综合办', 130, '差旅报销单', '本', 0, 7, 1.5, 10.5, NULL, 2023, 2),
(336, 44973, '郦  静', '综合办', 90, '蓝色口罩', '包', 0, 5, 0.3, 1.5, NULL, 2023, 2),
(337, 44977, '陈春仙', '销售部', 58, '电池双鹿7号', '节', 0, 8, 0, 0, '丁总', 2023, 2),
(338, 44977, '陈璐', '销售部', 145, '玻璃刮刀', '个', 0, 1, 0, 0, NULL, 2023, 2),
(339, 44977, '陈圣明', '综合办', 65, '彩色长尾票夹5856', '盒', 0, 1, 8, 8, NULL, 2023, 2),
(340, 44977, '余慧娟', '综合办', 227, '挂式纸盒', '台', 0, 1, 0, 0, NULL, 2023, 2),
(341, 44977, '余慧娟', '综合办', 228, '挂式纸盒挂钩', '根', 0, 1, 0, 0, NULL, 2023, 2),
(342, 44977, '余慧娟', '综合办', 229, '纳米海绵', '个', 0, 1, 0, 0, NULL, 2023, 2),
(343, 44977, '余慧娟', '综合办', 230, '304不锈钢饭勺', '个', 0, 1, 0, 0, NULL, 2023, 2),
(344, 44977, '余慧娟', '综合办', 231, '抹布', '瓶', 0, 1, 0, 0, NULL, 2023, 2),
(345, 44977, '余慧娟', '综合办', 232, '久丽洗碗布', '把', 0, 1, 0, 0, NULL, 2023, 2),
(346, 44977, '余慧娟', '综合办', 233, '三角拖把', '把', 0, 1, 0, 0, NULL, 2023, 2),
(347, 44978, '王  彪', '财务部', 2, 'A4打印纸', '包', 0, 16, 175, 2800, NULL, 2023, 2),
(348, 44978, '陶怡然', '综合办', 28, '水笔黑色', '支', 0, 10, 1.3, 13, '前台', 2023, 2),
(349, 44978, '曹家平', '综合办', 238, '除胶剂', '瓶', 0, 1, 0, 0, NULL, 2023, 2),
(350, 44978, '曹家平', '综合办', 140, '白手套', '打', 0, 1, 0, 0, NULL, 2023, 2),
(351, 44978, '曹家平', '综合办', 234, '钢丝棉', '个', 0, 20, 0, 0, NULL, 2023, 2),
(352, 44979, '唐姐', '综合办', 162, '垃圾袋小', '卷', 0, 30, 0, 0, NULL, 2023, 2),
(353, 44979, '唐姐', '综合办', 202, '吸水拖把', '个', 0, 2, 0, 0, NULL, 2023, 2),
(354, 44979, '陶怡然', '综合办', 91, '一次性纸杯50个/筒', '筒', 0, 2, 0.2, 0.4, NULL, 2023, 2),
(355, 44979, '陶怡然', '综合办', 90, '蓝色口罩', '包', 0, 3, 0.3, 0.9, NULL, 2023, 2),
(356, 44981, '干淑薇', '工程部', 30, '按压水笔黑色', '支', 0, 2, 2, 4, NULL, 2023, 2),
(357, 44981, '程梦亚', '综合办', 79, '自粘性标签（小）', '包', 0, 1, 0, 0, NULL, 2023, 2),
(358, 44981, '程梦亚', '综合办', 75, '便利贴76*76mm', '包', 0, 1, 2, 2, NULL, 2023, 2),
(359, 44981, '程梦亚', '综合办', 77, '便利贴四色76*19mm', '包', 0, 1, 0, 0, NULL, 2023, 2),
(360, 44981, '程梦亚', '综合办', 48, '笔筒圆形', '个', 0, 1, 4, 4, NULL, 2023, 2),
(361, 44981, '程梦亚', '综合办', 180, '剪刀', '把', 0, 1, 3.5, 3.5, NULL, 2023, 2),
(362, 44981, '程梦亚', '综合办', 28, '水笔黑色', '支', 0, 2, 1.3, 2.6, NULL, 2023, 2),
(363, 44982, '干淑薇', '工程部', 22, '文件夹，纸板夹', '本', 0, 8, 5, 40, NULL, 2023, 2),
(364, 44982, '陈春仙', '销售部', 28, '水笔黑色', '支', 0, 2, 1.3, 2.6, NULL, 2023, 2),
(365, 44983, '曹家平', '综合办', 108, '卷纸', '提', 0, 4, 11.5, 46, NULL, 2023, 2),
(366, 44984, '周昌盈', '看门', 108, '卷纸', '提', 0, 1, 11.5, 11.5, NULL, 2023, 2),
(367, 44984, '许轩铭', '综合办', 110, '抽纸巾', '包', 0, 1, 2.5, 2.5, NULL, 2023, 2),
(368, 44984, '陈  奔', '综合办', 110, '抽纸巾', '包', 0, 10, 2.5, 25, '车', 2023, 2),
(369, 44984, '陈圣明', '综合办', 134, '用款申请单', '本', 0, 1, 0, 0, NULL, 2023, 2),
(370, 44984, '陶怡然', '综合办', 51, '固体胶水', '支', 0, 1, 1, 1, '会议室', 2023, 2),
(371, 44984, '陈圣明', '综合办', 73, '双面胶带宽', '卷', 0, 1, 20, 20, NULL, 2023, 2),
(372, 44984, '陶怡然', '综合办', 37, '铅笔', '支', 0, 1, '7元/盒', NULL, '会议室', 2023, 2),
(373, 44985, '蔡迎亚', '综合办', 15, '资料册40页', '本', 0, 2, 6.5, 13, NULL, 2023, 2),
(374, 44985, '刘海山', '综合办', 10, '会议记录本皮面黑色', '本', 0, 1, 7.5, 7.5, NULL, 2023, 2),
(375, 44985, '蔡迎亚', '综合办', 240, '资料册60页', '个', 0, 11, 0, 0, NULL, 2023, 2);

